{
	"pages": [ 
		{
			"path": "pages/login/login",
			"style": {
				"navigationBarTitleText": "登录"
			}
		},
		{
			"path": "pages/student/index",
			"style": {
				"navigationBarTitleText": "学生主页"
			}
		},
		{
			"path": "pages/student/course",
			"style": {
				"navigationBarTitleText": "选课"
			}
		},
		{
			"path": "pages/student/team",
			"style": {
				"navigationBarTitleText": "组队"
			}
		},
		{
			"path": "pages/student/notifications",
			"style": {
				"navigationBarTitleText": "我的通知"
			}
		},
		{
			"path": "pages/teacher/index",
			"style": {
				"navigationBarTitleText": "教师主页"
			}
		},
		{
			"path": "pages/teacher/class",
			"style": {
				"navigationBarTitleText": "班级管理"
			}
		},
		{
			"path": "pages/teacher/title",
			"style": {
				"navigationBarTitleText": "课题管理"
			}
		},
		{
			"path": "pages/teacher/title-details",
			"style": {
				"navigationBarTitleText": "课题详情"
			}
		},
		{
			"path": "pages/teacher/score",
			"style": {
				"navigationBarTitleText": "打分"
			}
		},
		{
			"path": "pages/teacher/student-details",
			"style": {
				"navigationBarTitleText": "学生详情"
			}
		}
	],
	"globalStyle": {
		"navigationBarTextStyle": "black",
		"navigationBarTitleText": "自主选课系统",
		"navigationBarBackgroundColor": "#F8F8F8",
		"backgroundColor": "#F8F8F8"
	},
	
	"uniIdRouter": {},
	"easycom": {
		"autoscan": true,
		"custom": {
			"^uni-(.*)": "@dcloudio/uni-ui/lib/uni-$1/uni-$1.vue"
		}
	}
}
